[{"time":0.0,"pose":{"rotation":{"radians":0.0},"translation":{"x":1.6585581889112497,"y":2.763438689270541}},"velocity":0,"acceleration":3.0,"curvature":0,"holonomicRotation":0.0,"angularVelocity":0.0,"holonomicAngularVelocity":0.0},{"time":0.08918212041427898,"pose":{"rotation":{"radians":0.0},"translation":{"x":1.6704883648136302,"y":2.763438689270541}},"velocity":0.267546361242837,"acceleration":3.0000000000000004,"curvature":0,"holonomicRotation":0.0,"angularVelocity":0.0,"holonomicAngularVelocity":0.0},{"time":0.1257549214181154,"pose":{"rotation":{"radians":0.0},"translation":{"x":1.6822796393025643,"y":2.763438689270541}},"velocity":0.3772647642543462,"acceleration":2.9999999999999987,"curvature":0,"holonomicRotation":0.0,"angularVelocity":0.0,"holonomicAngularVelocity":0.0},{"time":0.15356853766205114,"pose":{"rotation":{"radians":0.0},"translation":{"x":1.693933132550741,"y":2.763438689270541}},"velocity":0.4607056129861534,"acceleration":3.0,"curvature":0,"holonomicRotation":0.0,"angularVelocity":0.0,"holonomicAngularVelocity":0.0},{"time":0.17680832525572185,"pose":{"rotation":{"radians":0.0},"translation":{"x":1.7054499647308494,"y":2.763438689270541}},"velocity":0.5304249757671655,"acceleration":2.9999999999999987,"curvature":0,"holonomicRotation":0.0,"angularVelocity":0.0,"holonomicAngularVelocity":0.0},{"time":0.19710076459234246,"pose":{"rotation":{"radians":0.0},"translation":{"x":1.7168312560155787,"y":2.763438689270541}},"velocity":0.5913022937770274,"acceleration":3.0,"curvature":0,"holonomicRotation":0.0,"angularVelocity":0.0,"holonomicAngularVelocity":0.0},{"time":0.2152826632846039,"pose":{"rotation":{"radians":0.0},"translation":{"x":1.728078126577618,"y":2.763438689270541}},"velocity":0.6458479898538116,"acceleration":2.999999999999997,"curvature":0,"holonomicRotation":0.0,"angularVelocity":0.0,"holonomicAngularVelocity":0.0},{"time":0.23185269415213705,"pose":{"rotation":{"radians":0.0},"translation":{"x":1.7391916965896563,"y":2.763438689270541}},"velocity":0.695558082456411,"acceleration":2.9999999999999982,"curvature":0,"holonomicRotation":0.0,"angularVelocity":0.0,"holonomicAngularVelocity":0.0},{"time":0.2471368005958552,"pose":{"rotation":{"radians":0.0},"translation":{"x":1.750173086224383,"y":2.763438689270541}},"velocity":0.7414104017875655,"acceleration":3.0,"curvature":0,"holonomicRotation":0.0,"angularVelocity":0.0,"holonomicAngularVelocity":0.0},{"time":0.26136210735712584,"pose":{"rotation":{"radians":0.0},"translation":{"x":1.7610234156544864,"y":2.763438689270541}},"velocity":0.7840863220713775,"acceleration":3.000000000000008,"curvature":0,"holonomicRotation":0.0,"angularVelocity":0.0,"holonomicAngularVelocity":0.0},{"time":0.27469451655903926,"pose":{"rotation":{"radians":0.0},"translation":{"x":1.7717438050526562,"y":2.763438689270541}},"velocity":0.8240835496771177,"acceleration":2.999999999999996,"curvature":0,"holonomicRotation":0.0,"angularVelocity":0.0,"holonomicAngularVelocity":0.0},{"time":0.28725968005776215,"pose":{"rotation":{"radians":0.0},"translation":{"x":1.7823353745915815,"y":2.763438689270541}},"velocity":0.8617790401732864,"acceleration":3.0000000000000044,"curvature":0,"holonomicRotation":0.0,"angularVelocity":0.0,"holonomicAngularVelocity":0.0},{"time":0.2991555398480882,"pose":{"rotation":{"radians":0.0},"translation":{"x":1.7927992444439513,"y":2.763438689270541}},"velocity":0.8974666195442645,"acceleration":3.0,"curvature":0,"holonomicRotation":0.0,"angularVelocity":0.0,"holonomicAngularVelocity":0.0},{"time":0.3104602453038657,"pose":{"rotation":{"radians":0.0},"translation":{"x":1.8031365347824544,"y":2.763438689270541}},"velocity":0.9313807359115971,"acceleration":3.000000000000005,"curvature":0,"holonomicRotation":0.0,"angularVelocity":0.0,"holonomicAngularVelocity":0.0},{"time":0.3212373752315988,"pose":{"rotation":{"radians":0.0},"translation":{"x":1.8133483657797802,"y":2.763438689270541}},"velocity":0.9637121256947964,"acceleration":2.9999999999999947,"curvature":0,"holonomicRotation":0.0,"angularVelocity":0.0,"holonomicAngularVelocity":0.0},{"time":0.33153950865356235,"pose":{"rotation":{"radians":0.0},"translation":{"x":1.823435857608618,"y":2.763438689270541}},"velocity":0.9946185259606871,"acceleration":3.0000000000000053,"curvature":0,"holonomicRotation":0.0,"angularVelocity":0.0,"holonomicAngularVelocity":0.0},{"time":0.3414107414150941,"pose":{"rotation":{"radians":0.0},"translation":{"x":1.833400130441656,"y":2.763438689270541}},"velocity":1.0242322242452824,"acceleration":3.0000000000000058,"curvature":0,"holonomicRotation":0.0,"angularVelocity":0.0,"holonomicAngularVelocity":0.0},{"time":0.35088850607216604,"pose":{"rotation":{"radians":0.0},"translation":{"x":1.8432423044515844,"y":2.763438689270541}},"velocity":1.0526655182164981,"acceleration":2.9999999999999885,"curvature":0,"holonomicRotation":0.0,"angularVelocity":0.0,"holonomicAngularVelocity":0.0},{"time":0.360004917466268,"pose":{"rotation":{"radians":0.0},"translation":{"x":1.8529634998110913,"y":2.763438689270541}},"velocity":1.080014752398804,"acceleration":2.999999999999994,"curvature":0,"holonomicRotation":0.0,"angularVelocity":0.0,"holonomicAngularVelocity":0.0},{"time":0.36878778701905407,"pose":{"rotation":{"radians":0.0},"translation":{"x":1.8625648366928664,"y":2.763438689270541}},"velocity":1.1063633610571622,"acceleration":3.0,"curvature":0,"holonomicRotation":0.0,"angularVelocity":0.0,"holonomicAngularVelocity":0.0},{"time":0.3772614004094501,"pose":{"rotation":{"radians":0.0},"translation":{"x":1.8720474352695988,"y":2.763438689270541}},"velocity":1.1317842012283503,"acceleration":3.0000000000000067,"curvature":0,"holonomicRotation":0.0,"angularVelocity":0.0,"holonomicAngularVelocity":0.0},{"time":0.38544712287829,"pose":{"rotation":{"radians":0.0},"translation":{"x":1.881412415713977,"y":2.763438689270541}},"velocity":1.1563413686348702,"acceleration":3.0000000000000204,"curvature":0,"holonomicRotation":0.0,"angularVelocity":0.0,"holonomicAngularVelocity":0.0},{"time":0.3933638767413206,"pose":{"rotation":{"radians":0.0},"translation":{"x":1.890660898198691,"y":2.763438689270541}},"velocity":1.180091630223962,"acceleration":2.999999999999986,"curvature":0,"holonomicRotation":0.0,"angularVelocity":0.0,"holonomicAngularVelocity":0.0},{"time":0.4010285226640612,"pose":{"rotation":{"radians":0.0},"translation":{"x":1.8997940028964289,"y":2.763438689270541}},"velocity":1.2030855679921837,"acceleration":3.000000000000007,"curvature":0,"holonomicRotation":0.0,"angularVelocity":0.0,"holonomicAngularVelocity":0.0},{"time":0.4084561674309993,"pose":{"rotation":{"radians":0.0},"translation":{"x":1.9088128499798804,"y":2.763438689270541}},"velocity":1.2253685022929979,"acceleration":2.9999999999999925,"curvature":0,"holonomicRotation":0.0,"angularVelocity":0.0,"holonomicAngularVelocity":0.0},{"time":0.41566041485046007,"pose":{"rotation":{"radians":0.0},"translation":{"x":1.9177185596217345,"y":2.763438689270541}},"velocity":1.2469812445513804,"acceleration":3.0000000000000155,"curvature":0,"holonomicRotation":0.0,"angularVelocity":0.0,"holonomicAngularVelocity":0.0},{"time":0.4226535721552822,"pose":{"rotation":{"radians":0.0},"translation":{"x":1.9265122519946802,"y":2.763438689270541}},"velocity":1.2679607164658468,"acceleration":3.000000000000008,"curvature":0,"holonomicRotation":0.0,"angularVelocity":0.0,"holonomicAngularVelocity":0.0},{"time":0.4294468212015366,"pose":{"rotation":{"radians":0.0},"translation":{"x":1.9351950472714066,"y":2.763438689270541}},"velocity":1.28834046360461,"acceleration":3.000000000000008,"curvature":0,"holonomicRotation":0.0,"angularVelocity":0.0,"holonomicAngularVelocity":0.0},{"time":0.4360503615511654,"pose":{"rotation":{"radians":0.0},"translation":{"x":1.9437680656246028,"y":2.763438689270541}},"velocity":1.3081510846534965,"acceleration":3.0000000000000084,"curvature":0,"holonomicRotation":0.0,"angularVelocity":0.0,"holonomicAngularVelocity":0.0},{"time":0.44247353089626207,"pose":{"rotation":{"radians":0.0},"translation":{"x":1.9522324272269578,"y":2.763438689270541}},"velocity":1.3274205926887865,"acceleration":3.0,"curvature":0,"holonomicRotation":0.0,"angularVelocity":0.0,"holonomicAngularVelocity":0.0},{"time":0.4487249070718132,"pose":{"rotation":{"radians":0.0},"translation":{"x":1.9605892522511608,"y":2.763438689270541}},"velocity":1.3461747212154398,"acceleration":2.999999999999991,"curvature":0,"holonomicRotation":0.0,"angularVelocity":0.0,"holonomicAngularVelocity":0.0},{"time":0.4548123949928154,"pose":{"rotation":{"radians":0.0},"translation":{"x":1.9688396608699008,"y":2.763438689270541}},"velocity":1.3644371849784465,"acceleration":3.0,"curvature":0,"holonomicRotation":0.0,"angularVelocity":0.0,"holonomicAngularVelocity":0.0},{"time":0.460743301159201,"pose":{"rotation":{"radians":0.0},"translation":{"x":1.976984773255867,"y":2.763438689270541}},"velocity":1.3822299034776033,"acceleration":3.0000000000000187,"curvature":0,"holonomicRotation":0.0,"angularVelocity":0.0,"holonomicAngularVelocity":0.0},{"time":0.46652439784038363,"pose":{"rotation":{"radians":0.0},"translation":{"x":1.9850257095817485,"y":2.763438689270541}},"velocity":1.3995731935211513,"acceleration":3.0,"curvature":0,"holonomicRotation":0.0,"angularVelocity":0.0,"holonomicAngularVelocity":0.0},{"time":0.47216197863938203,"pose":{"rotation":{"radians":0.0},"translation":{"x":1.992963590020234,"y":2.763438689270541}},"velocity":1.4164859359181463,"acceleration":2.9999999999999702,"curvature":0,"holonomicRotation":0.0,"angularVelocity":0.0,"holonomicAngularVelocity":0.0},{"time":0.47766190681468634,"pose":{"rotation":{"radians":0.0},"translation":{"x":2.000799534744013,"y":2.763438689270541}},"velocity":1.4329857204440593,"acceleration":3.0,"curvature":0,"holonomicRotation":0.0,"angularVelocity":0.0,"holonomicAngularVelocity":0.0},{"time":0.4830296574845929,"pose":{"rotation":{"radians":0.0},"translation":{"x":2.0085346639257744,"y":2.763438689270541}},"velocity":1.449088972453779,"acceleration":3.0,"curvature":0,"holonomicRotation":0.0,"angularVelocity":0.0,"holonomicAngularVelocity":0.0},{"time":0.4882703546376453,"pose":{"rotation":{"radians":0.0},"translation":{"x":2.0161700977382075,"y":2.763438689270541}},"velocity":1.4648110639129361,"acceleration":3.0000000000000107,"curvature":0,"holonomicRotation":0.0,"angularVelocity":0.0,"holonomicAngularVelocity":0.0},{"time":0.4933888037121444,"pose":{"rotation":{"radians":0.0},"translation":{"x":2.023706956354001,"y":2.763438689270541}},"velocity":1.4801664111364334,"acceleration":3.0,"curvature":0,"holonomicRotation":0.0,"angularVelocity":0.0,"holonomicAngularVelocity":0.0},{"time":0.4983895203784517,"pose":{"rotation":{"radians":0.0},"translation":{"x":2.0311463599458444,"y":2.763438689270541}},"velocity":1.4951685611353553,"acceleration":3.0,"curvature":0,"holonomicRotation":0.0,"angularVelocity":0.0,"holonomicAngularVelocity":0.0},{"time":0.503276756053219,"pose":{"rotation":{"radians":0.0},"translation":{"x":2.0384894286864266,"y":2.763438689270541}},"velocity":1.5098302681596572,"acceleration":2.9999999999999885,"curvature":0,"holonomicRotation":0.0,"angularVelocity":0.0,"holonomicAngularVelocity":0.0},{"time":0.5080545205895308,"pose":{"rotation":{"radians":0.0},"translation":{"x":2.0457372827484366,"y":2.763438689270541}},"velocity":1.5241635617685927,"acceleration":3.0,"curvature":0,"holonomicRotation":0.0,"angularVelocity":0.0,"holonomicAngularVelocity":0.0},{"time":0.5127266025172438,"pose":{"rotation":{"radians":0.0},"translation":{"x":2.052891042304563,"y":2.763438689270541}},"velocity":1.538179807551732,"acceleration":3.0000000000000715,"curvature":0,"holonomicRotation":0.0,"angularVelocity":0.0,"holonomicAngularVelocity":0.0},{"time":0.517296587150445,"pose":{"rotation":{"radians":0.0},"translation":{"x":2.0599518275274966,"y":2.763438689270541}},"velocity":1.5518897614513356,"acceleration":3.0,"curvature":0,"holonomicRotation":0.0,"angularVelocity":0.0,"holonomicAngularVelocity":0.0},{"time":0.521767872831508,"pose":{"rotation":{"radians":0.0},"translation":{"x":2.0669207585899247,"y":2.763438689270541}},"velocity":1.5653036184945246,"acceleration":2.999999999999975,"curvature":0,"holonomicRotation":0.0,"angularVelocity":0.0,"holonomicAngularVelocity":0.0},{"time":0.5261436855418155,"pose":{"rotation":{"radians":0.0},"translation":{"x":2.073798955664537,"y":2.763438689270541}},"velocity":1.578431056625447,"acceleration":3.0000000000000253,"curvature":0,"holonomicRotation":0.0,"angularVelocity":0.0,"holonomicAngularVelocity":0.0},{"time":0.5304270920762959,"pose":{"rotation":{"radians":0.0},"translation":{"x":2.0805875389240227,"y":2.763438689270541}},"velocity":1.5912812762288884,"acceleration":3.0000000000000258,"curvature":0,"holonomicRotation":0.0,"angularVelocity":0.0,"holonomicAngularVelocity":0.0},{"time":0.5346210119513451,"pose":{"rotation":{"radians":0.0},"translation":{"x":2.08728762854107,"y":2.763438689270541}},"velocity":1.603863035854036,"acceleration":2.9999999999999734,"curvature":0,"holonomicRotation":0.0,"angularVelocity":0.0,"holonomicAngularVelocity":0.0},{"time":0.5387282281924843,"pose":{"rotation":{"radians":0.0},"translation":{"x":2.09390034468837,"y":2.763438689270541}},"velocity":1.6161846845774535,"acceleration":2.999999999999973,"curvature":0,"holonomicRotation":0.0,"angularVelocity":0.0,"holonomicAngularVelocity":0.0},{"time":0.5427513971284705,"pose":{"rotation":{"radians":0.0},"translation":{"x":2.10042680753861,"y":2.763438689270541}},"velocity":1.628254191385412,"acceleration":3.0,"curvature":0,"holonomicRotation":0.0,"angularVelocity":0.0,"holonomicAngularVelocity":0.0},{"time":0.5466930573019501,"pose":{"rotation":{"radians":0.0},"translation":{"x":2.1068681372644797,"y":2.763438689270541}},"velocity":1.6400791719058507,"acceleration":3.000000000000028,"curvature":0,"holonomicRotation":0.0,"angularVelocity":0.0,"holonomicAngularVelocity":0.0},{"time":0.5505556375925555,"pose":{"rotation":{"radians":0.0},"translation":{"x":2.113225454038668,"y":2.763438689270541}},"velocity":1.651666912777667,"acceleration":2.999999999999971,"curvature":0,"holonomicRotation":0.0,"angularVelocity":0.0,"holonomicAngularVelocity":0.0},{"time":0.554341464636262,"pose":{"rotation":{"radians":0.0},"translation":{"x":2.119499878033864,"y":2.763438689270541}},"velocity":1.6630243939087865,"acceleration":3.0000000000000293,"curvature":0,"holonomicRotation":0.0,"angularVelocity":0.0,"holonomicAngularVelocity":0.0},{"time":0.5580527696144318,"pose":{"rotation":{"radians":0.0},"translation":{"x":2.125692529422757,"y":2.763438689270541}},"velocity":1.674158308843296,"acceleration":3.0,"curvature":0,"holonomicRotation":0.0,"angularVelocity":0.0,"holonomicAngularVelocity":0.0},{"time":0.5616916944770719,"pose":{"rotation":{"radians":0.0},"translation":{"x":2.1318045283780362,"y":2.763438689270541}},"velocity":1.685075083431216,"acceleration":2.999999999999939,"curvature":0,"holonomicRotation":0.0,"angularVelocity":0.0,"holonomicAngularVelocity":0.0},{"time":0.5652602976571296,"pose":{"rotation":{"radians":0.0},"translation":{"x":2.13783699507239,"y":2.763438689270541}},"velocity":1.695780892971389,"acceleration":2.999999999999938,"curvature":0,"holonomicRotation":0.0,"angularVelocity":0.0,"holonomicAngularVelocity":0.0},{"time":0.5687605593260128,"pose":{"rotation":{"radians":0.0},"translation":{"x":2.143791049678508,"y":2.763438689270541}},"velocity":1.7062816779780385,"acceleration":3.0000000000000315,"curvature":0,"holonomicRotation":0.0,"angularVelocity":0.0,"holonomicAngularVelocity":0.0},{"time":0.5721943862347421,"pose":{"rotation":{"radians":0.0},"translation":{"x":2.1496678123690796,"y":2.763438689270541}},"velocity":1.7165831587042264,"acceleration":3.0,"curvature":0,"holonomicRotation":0.0,"angularVelocity":0.0,"holonomicAngularVelocity":0.0},{"time":0.5755636161801424,"pose":{"rotation":{"radians":0.0},"translation":{"x":2.1554684033167932,"y":2.763438689270541}},"velocity":1.7266908485404275,"acceleration":3.000000000000033,"curvature":0,"holonomicRotation":0.0,"angularVelocity":0.0,"holonomicAngularVelocity":0.0},{"time":0.5788700221310988,"pose":{"rotation":{"radians":0.0},"translation":{"x":2.161193942694338,"y":2.763438689270541}},"velocity":1.7366100663932966,"acceleration":2.999999999999933,"curvature":0,"holonomicRotation":0.0,"angularVelocity":0.0,"holonomicAngularVelocity":0.0},{"time":0.5821153160460872,"pose":{"rotation":{"radians":0.0},"translation":{"x":2.1668455506744038,"y":2.763438689270541}},"velocity":1.7463459481382617,"acceleration":2.999999999999966,"curvature":0,"holonomicRotation":0.0,"angularVelocity":0.0,"holonomicAngularVelocity":0.0},{"time":0.5853011524098394,"pose":{"rotation":{"radians":0.0},"translation":{"x":2.1724243474296787,"y":2.763438689270541}},"velocity":1.755903457229518,"acceleration":2.9999999999999654,"curvature":0,"holonomicRotation":0.0,"angularVelocity":0.0,"holonomicAngularVelocity":0.0},{"time":0.5884291315140694,"pose":{"rotation":{"radians":0.0},"translation":{"x":2.1779314531328526,"y":2.763438689270541}},"velocity":1.765287394542208,"acceleration":3.0,"curvature":0,"holonomicRotation":0.0,"angularVelocity":0.0,"holonomicAngularVelocity":0.0},{"time":0.5915008025045918,"pose":{"rotation":{"radians":0.0},"translation":{"x":2.183367987956614,"y":2.763438689270541}},"velocity":1.7745024075137754,"acceleration":3.000000000000036,"curvature":0,"holonomicRotation":0.0,"angularVelocity":0.0,"holonomicAngularVelocity":0.0},{"time":0.594517666214892,"pose":{"rotation":{"radians":0.0},"translation":{"x":2.1887350720736523,"y":2.763438689270541}},"velocity":1.7835529986446759,"acceleration":2.999999999999963,"curvature":0,"holonomicRotation":0.0,"angularVelocity":0.0,"holonomicAngularVelocity":0.0},{"time":0.5974811778041809,"pose":{"rotation":{"radians":0.0},"translation":{"x":2.1940338256566565,"y":2.763438689270541}},"velocity":1.7924435334125426,"acceleration":3.0000000000000373,"curvature":0,"holonomicRotation":0.0,"angularVelocity":0.0,"holonomicAngularVelocity":0.0},{"time":0.600392749216192,"pose":{"rotation":{"radians":0.0},"translation":{"x":2.1992653688783155,"y":2.763438689270541}},"velocity":1.8011782476485758,"acceleration":2.9999999999999236,"curvature":0,"holonomicRotation":0.0,"angularVelocity":0.0,"holonomicAngularVelocity":0.0},{"time":0.603253751473385,"pose":{"rotation":{"radians":0.0},"translation":{"x":2.2044308219113184,"y":2.763438689270541}},"velocity":1.809761254420155,"acceleration":3.0000000000000386,"curvature":0,"holonomicRotation":0.0,"angularVelocity":0.0,"holonomicAngularVelocity":0.0},{"time":0.6060655168198155,"pose":{"rotation":{"radians":0.0},"translation":{"x":2.2095313049283547,"y":2.763438689270541}},"velocity":1.8181965504594464,"acceleration":3.0000000000000395,"curvature":0,"holonomicRotation":0.0,"angularVelocity":0.0,"holonomicAngularVelocity":0.0},{"time":0.6088293407246749,"pose":{"rotation":{"radians":0.0},"translation":{"x":2.214567938102113,"y":2.763438689270541}},"velocity":1.8264880221740247,"acceleration":3.00000000000004,"curvature":0,"holonomicRotation":0.0,"angularVelocity":0.0,"holonomicAngularVelocity":0.0},{"time":0.6115464837573854,"pose":{"rotation":{"radians":0.0},"translation":{"x":2.219541841605283,"y":2.763438689270541}},"velocity":1.8346394512721564,"acceleration":3.000000000000041,"curvature":0,"holonomicRotation":0.0,"angularVelocity":0.0,"holonomicAngularVelocity":0.0},{"time":0.6142181733441321,"pose":{"rotation":{"radians":0.0},"translation":{"x":2.224454135610553,"y":2.763438689270541}},"velocity":1.8426545200323965,"acceleration":3.0,"curvature":0,"holonomicRotation":0.0,"angularVelocity":0.0,"holonomicAngularVelocity":0.0},{"time":0.6168456054148198,"pose":{"rotation":{"radians":0.0},"translation":{"x":2.229305940290613,"y":2.763438689270541}},"velocity":1.8505368162444595,"acceleration":2.999999999999958,"curvature":0,"holonomicRotation":0.0,"angularVelocity":0.0,"holonomicAngularVelocity":0.0},{"time":0.6194299459486394,"pose":{"rotation":{"radians":0.0},"translation":{"x":2.234098375818151,"y":2.763438689270541}},"velocity":1.8582898378459183,"acceleration":2.999999999999957,"curvature":0,"holonomicRotation":0.0,"angularVelocity":0.0,"holonomicAngularVelocity":0.0},{"time":0.6219723324257048,"pose":{"rotation":{"radians":0.0},"translation":{"x":2.238832562365857,"y":2.763438689270541}},"velocity":1.8659169972771146,"acceleration":3.0000000000000435,"curvature":0,"holonomicRotation":0.0,"angularVelocity":0.0,"holonomicAngularVelocity":0.0},{"time":0.6244738751915726,"pose":{"rotation":{"radians":0.0},"translation":{"x":2.2435096201064195,"y":2.763438689270541}},"velocity":1.873421625574718,"acceleration":3.0000000000000444,"curvature":0,"holonomicRotation":0.0,"angularVelocity":0.0,"holonomicAngularVelocity":0.0},{"time":0.6269356587408726,"pose":{"rotation":{"radians":0.0},"translation":{"x":2.248130669212528,"y":2.763438689270541}},"velocity":1.8808069762226183,"acceleration":3.0000000000000453,"curvature":0,"holonomicRotation":0.0,"angularVelocity":0.0,"holonomicAngularVelocity":0.0},{"time":0.6293587429257506,"pose":{"rotation":{"radians":0.0},"translation":{"x":2.2526968298568715,"y":2.763438689270541}},"velocity":1.8880762287772521,"acceleration":3.0000000000000457,"curvature":0,"holonomicRotation":0.0,"angularVelocity":0.0,"holonomicAngularVelocity":0.0},{"time":0.6317441640943421,"pose":{"rotation":{"radians":0.0},"translation":{"x":2.2572092222121385,"y":2.763438689270541}},"velocity":1.8952324922830266,"acceleration":2.9999999999999534,"curvature":0,"holonomicRotation":0.0,"angularVelocity":0.0,"holonomicAngularVelocity":0.0},{"time":0.6340929361640764,"pose":{"rotation":{"radians":0.0},"translation":{"x":2.261668966451019,"y":2.763438689270541}},"velocity":1.9022788084922293,"acceleration":2.999999999999953,"curvature":0,"holonomicRotation":0.0,"angularVelocity":0.0,"holonomicAngularVelocity":0.0},{"time":0.6364060516342018,"pose":{"rotation":{"radians":0.0},"translation":{"x":2.2660771827462014,"y":2.763438689270541}},"velocity":1.9092181549026057,"acceleration":3.0,"curvature":0,"holonomicRotation":0.0,"angularVelocity":0.0,"holonomicAngularVelocity":0.0},{"time":0.6386844825415886,"pose":{"rotation":{"radians":0.0},"translation":{"x":2.270434991270375,"y":2.763438689270541}},"velocity":1.916053447624766,"acceleration":2.999999999999951,"curvature":0,"holonomicRotation":0.0,"angularVelocity":0.0,"holonomicAngularVelocity":0.0},{"time":0.6409291813635258,"pose":{"rotation":{"radians":0.0},"translation":{"x":2.274743512196229,"y":2.763438689270541}},"velocity":1.9227875440905777,"acceleration":3.0000000000000493,"curvature":0,"holonomicRotation":0.0,"angularVelocity":0.0,"holonomicAngularVelocity":0.0},{"time":0.6431410818709491,"pose":{"rotation":{"radians":0.0},"translation":{"x":2.279003865696452,"y":2.763438689270541}},"velocity":1.9294232456128475,"acceleration":3.0,"curvature":0,"holonomicRotation":0.0,"angularVelocity":0.0,"holonomicAngularVelocity":0.0},{"time":0.645321099935262,"pose":{"rotation":{"radians":0.0},"translation":{"x":2.2832171719437344,"y":2.763438689270541}},"velocity":1.935963299805786,"acceleration":2.999999999999949,"curvature":0,"holonomicRotation":0.0,"angularVelocity":0.0,"holonomicAngularVelocity":0.0},{"time":0.647470134291672,"pose":{"rotation":{"radians":0.0},"translation":{"x":2.2873845511107636,"y":2.763438689270541}},"velocity":1.9424104028750162,"acceleration":3.0000000000000515,"curvature":0,"holonomicRotation":0.0,"angularVelocity":0.0,"holonomicAngularVelocity":0.0},{"time":0.649589067261747,"pose":{"rotation":{"radians":0.0},"translation":{"x":2.2915071233702298,"y":2.763438689270541}},"velocity":1.9487672017852415,"acceleration":3.000000000000105,"curvature":0,"holonomicRotation":0.0,"angularVelocity":0.0,"holonomicAngularVelocity":0.0},{"time":0.6516787654376817,"pose":{"rotation":{"radians":0.0},"translation":{"x":2.2955860088948215,"y":2.763438689270541}},"velocity":1.9550362963130454,"acceleration":3.0,"curvature":0,"holonomicRotation":0.0,"angularVelocity":0.0,"holonomicAngularVelocity":0.0},{"time":0.6537400803305943,"pose":{"rotation":{"radians":0.0},"translation":{"x":2.299622327857228,"y":2.763438689270541}},"velocity":1.9612202409917832,"acceleration":2.9999999999999463,"curvature":0,"holonomicRotation":0.0,"angularVelocity":0.0,"holonomicAngularVelocity":0.0},{"time":0.655773848984993,"pose":{"rotation":{"radians":0.0},"translation":{"x":2.3036172004301387,"y":2.763438689270541}},"velocity":1.9673215469549794,"acceleration":3.0,"curvature":0,"holonomicRotation":0.0,"angularVelocity":0.0,"holonomicAngularVelocity":0.0},{"time":0.6577808945613994,"pose":{"rotation":{"radians":0.0},"translation":{"x":2.3075717467862424,"y":2.763438689270541}},"velocity":1.9733426836841987,"acceleration":3.0000000000000555,"curvature":0,"holonomicRotation":0.0,"angularVelocity":0.0,"holonomicAngularVelocity":0.0},{"time":0.6597620268889774,"pose":{"rotation":{"radians":0.0},"translation":{"x":2.311487087098228,"y":2.763438689270541}},"velocity":1.9792860806669328,"acceleration":3.0,"curvature":0,"holonomicRotation":0.0,"angularVelocity":0.0,"holonomicAngularVelocity":0.0},{"time":0.6617180429898797,"pose":{"rotation":{"radians":0.0},"translation":{"x":2.3153643415387846,"y":2.763438689270541}},"velocity":1.9851541289696397,"acceleration":3.0000000000001137,"curvature":0,"holonomicRotation":0.0,"angularVelocity":0.0,"holonomicAngularVelocity":0.0},{"time":0.6636497275769055,"pose":{"rotation":{"radians":0.0},"translation":{"x":2.3192046302806015,"y":2.763438689270541}},"velocity":1.9909491827307173,"acceleration":3.0,"curvature":0,"holonomicRotation":0.0,"angularVelocity":0.0,"holonomicAngularVelocity":0.0},{"time":0.6655578535259565,"pose":{"rotation":{"radians":0.0},"translation":{"x":2.323009073496368,"y":2.763438689270541}},"velocity":1.9966735605778703,"acceleration":3.0,"curvature":0,"holonomicRotation":0.0,"angularVelocity":0.0,"holonomicAngularVelocity":0.0},{"time":0.6674431823246691,"pose":{"rotation":{"radians":0.0},"translation":{"x":2.3267787913587723,"y":2.763438689270541}},"velocity":2.002329546974008,"acceleration":2.9999999999998823,"curvature":0,"holonomicRotation":0.0,"angularVelocity":0.0,"holonomicAngularVelocity":0.0},{"time":0.6693064644985159,"pose":{"rotation":{"radians":0.0},"translation":{"x":2.3305149040405047,"y":2.763438689270541}},"velocity":2.0079193934955484,"acceleration":3.0000000000000595,"curvature":0,"holonomicRotation":0.0,"angularVelocity":0.0,"holonomicAngularVelocity":0.0},{"time":0.6711484400155716,"pose":{"rotation":{"radians":0.0},"translation":{"x":2.334218531714253,"y":2.763438689270541}},"velocity":2.0134453200467157,"acceleration":3.0000000000001807,"curvature":0,"holonomicRotation":0.0,"angularVelocity":0.0,"holonomicAngularVelocity":0.0},{"time":0.6729698386710742,"pose":{"rotation":{"radians":0.0},"translation":{"x":2.3378907945527074,"y":2.763438689270541}},"velocity":2.0189095160132235,"acceleration":3.000000000000061,"curvature":0,"holonomicRotation":0.0,"angularVelocity":0.0,"holonomicAngularVelocity":0.0},{"time":0.6747713804528201,"pose":{"rotation":{"radians":0.0},"translation":{"x":2.341532812728557,"y":2.763438689270541}},"velocity":2.0243141413584613,"acceleration":2.9999999999999383,"curvature":0,"holonomicRotation":0.0,"angularVelocity":0.0,"holonomicAngularVelocity":0.0},{"time":0.6765537758883815,"pose":{"rotation":{"radians":0.0},"translation":{"x":2.3451457064144896,"y":2.763438689270541}},"velocity":2.0296613276651456,"acceleration":3.000000000000125,"curvature":0,"holonomicRotation":0.0,"angularVelocity":0.0,"holonomicAngularVelocity":0.0},{"time":0.6783177263750596,"pose":{"rotation":{"radians":0.0},"translation":{"x":2.3487305957831954,"y":2.763438689270541}},"velocity":2.03495317912518,"acceleration":2.999999999999937,"curvature":0,"holonomicRotation":0.0,"angularVelocity":0.0,"holonomicAngularVelocity":0.0},{"time":0.6800639244934322,"pose":{"rotation":{"radians":0.0},"translation":{"x":2.352288601007363,"y":2.763438689270541}},"velocity":2.0401917734802977,"acceleration":3.0,"curvature":0,"holonomicRotation":0.0,"angularVelocity":0.0,"holonomicAngularVelocity":0.0},{"time":0.6817930543053038,"pose":{"rotation":{"radians":0.0},"translation":{"x":2.3558208422596825,"y":2.763438689270541}},"velocity":2.0453791629159124,"acceleration":3.0,"curvature":0,"holonomicRotation":0.0,"angularVelocity":0.0,"holonomicAngularVelocity":0.0},{"time":0.6835057916368089,"pose":{"rotation":{"radians":0.0},"translation":{"x":2.3593284397128413,"y":2.763438689270541}},"velocity":2.0505173749104277,"acceleration":3.0,"curvature":0,"holonomicRotation":0.0,"angularVelocity":0.0,"holonomicAngularVelocity":0.0},{"time":0.6852028043473841,"pose":{"rotation":{"radians":0.0},"translation":{"x":2.3628125135395295,"y":2.763438689270541}},"velocity":2.0556084130421537,"acceleration":3.0000000000001963,"curvature":0,"holonomicRotation":0.0,"angularVelocity":0.0,"holonomicAngularVelocity":0.0},{"time":0.6868847525852674,"pose":{"rotation":{"radians":0.0},"translation":{"x":2.366274183912436,"y":2.763438689270541}},"velocity":2.0606542577558034,"acceleration":2.999999999999934,"curvature":0,"holonomicRotation":0.0,"angularVelocity":0.0,"holonomicAngularVelocity":0.0},{"time":0.6885522890301554,"pose":{"rotation":{"radians":0.0},"translation":{"x":2.36971457100425,"y":2.763438689270541}},"velocity":2.0656568670904676,"acceleration":3.0000000000000666,"curvature":0,"holonomicRotation":0.0,"angularVelocity":0.0,"holonomicAngularVelocity":0.0},{"time":0.6902060591236073,"pose":{"rotation":{"radians":0.0},"translation":{"x":2.373134794987661,"y":2.763438689270541}},"velocity":2.0706181773708234,"acceleration":3.000000000000067,"curvature":0,"holonomicRotation":0.0,"angularVelocity":0.0,"holonomicAngularVelocity":0.0},{"time":0.6918467012877477,"pose":{"rotation":{"radians":0.0},"translation":{"x":2.376535976035357,"y":2.763438689270541}},"velocity":2.0755401038632444,"acceleration":2.9999999999998646,"curvature":0,"holonomicRotation":0.0,"angularVelocity":0.0,"holonomicAngularVelocity":0.0},{"time":0.6934748471327937,"pose":{"rotation":{"radians":0.0},"translation":{"x":2.3799192343200275,"y":2.763438689270541}},"velocity":2.0804245413983824,"acceleration":3.0,"curvature":0,"holonomicRotation":0.0,"angularVelocity":0.0,"holonomicAngularVelocity":0.0},{"time":0.6950911216538984,"pose":{"rotation":{"radians":0.0},"translation":{"x":2.383285690014362,"y":2.763438689270541}},"velocity":2.0852733649616964,"acceleration":2.999999999999931,"curvature":0,"holonomicRotation":0.0,"angularVelocity":0.0,"holonomicAngularVelocity":0.0},{"time":0.696696143417774,"pose":{"rotation":{"radians":0.0},"translation":{"x":2.3866364632910493,"y":2.763438689270541}},"velocity":2.090088430253323,"acceleration":2.9999999999999307,"curvature":0,"holonomicRotation":0.0,"angularVelocity":0.0,"holonomicAngularVelocity":0.0},{"time":0.6982905247395378,"pose":{"rotation":{"radians":0.0},"translation":{"x":2.3899726743227787,"y":2.763438689270541}},"velocity":2.0948715742186144,"acceleration":3.0,"curvature":0,"holonomicRotation":0.0,"angularVelocity":0.0,"holonomicAngularVelocity":0.0},{"time":0.6998748718501941,"pose":{"rotation":{"radians":0.0},"translation":{"x":2.3932954432822386,"y":2.763438689270541}},"velocity":2.0996246155505833,"acceleration":2.99999999999993,"curvature":0,"holonomicRotation":0.0,"angularVelocity":0.0,"holonomicAngularVelocity":0.0},{"time":0.7014497850551475,"pose":{"rotation":{"radians":0.0},"translation":{"x":2.3966058903421192,"y":2.763438689270541}},"velocity":2.1043493551654437,"acceleration":3.0000000000001408,"curvature":0,"holonomicRotation":0.0,"angularVelocity":0.0,"holonomicAngularVelocity":0.0},{"time":0.7030158588841168,"pose":{"rotation":{"radians":0.0},"translation":{"x":2.399905135675109,"y":2.763438689270541}},"velocity":2.1090475766523515,"acceleration":3.000000000000071,"curvature":0,"holonomicRotation":0.0,"angularVelocity":0.0,"holonomicAngularVelocity":0.0},{"time":0.7045736822328077,"pose":{"rotation":{"radians":0.0},"translation":{"x":2.4031942994538964,"y":2.763438689270541}},"velocity":2.113721046698424,"acceleration":2.999999999999929,"curvature":0,"holonomicRotation":0.0,"angularVelocity":0.0,"holonomicAngularVelocity":0.0},{"time":0.7061238384966766,"pose":{"rotation":{"radians":0.0},"translation":{"x":2.406474501851171,"y":2.763438689270541}},"velocity":2.118371515490031,"acceleration":3.0,"curvature":0,"holonomicRotation":0.0,"angularVelocity":0.0,"holonomicAngularVelocity":0.0},{"time":0.7076669056971048,"pose":{"rotation":{"radians":0.0},"translation":{"x":2.4097468630396226,"y":2.763438689270541}},"velocity":2.1230007170913154,"acceleration":3.0,"curvature":0,"holonomicRotation":0.0,"angularVelocity":0.0,"holonomicAngularVelocity":0.0},{"time":0.7092034566002856,"pose":{"rotation":{"radians":0.0},"translation":{"x":2.41301250319194,"y":2.763438689270541}},"velocity":2.1276103698008577,"acceleration":2.9999999999998557,"curvature":0,"holonomicRotation":0.0,"angularVelocity":0.0,"holonomicAngularVelocity":0.0},{"time":0.7107340588291147,"pose":{"rotation":{"radians":0.0},"translation":{"x":2.416272542480811,"y":2.763438689270541}},"velocity":2.132202176487345,"acceleration":3.000000000000145,"curvature":0,"holonomicRotation":0.0,"angularVelocity":0.0,"holonomicAngularVelocity":0.0},{"time":0.7122592749683578,"pose":{"rotation":{"radians":0.0},"translation":{"x":2.4195281010789262,"y":2.763438689270541}},"velocity":2.136777824905075,"acceleration":3.0000000000001457,"curvature":0,"holonomicRotation":0.0,"angularVelocity":0.0,"holonomicAngularVelocity":0.0},{"time":0.7137796626633574,"pose":{"rotation":{"radians":0.0},"translation":{"x":2.4227802991589744,"y":2.763438689270541}},"velocity":2.1413389879900735,"acceleration":3.000000000000073,"curvature":0,"holonomicRotation":0.0,"angularVelocity":0.0,"holonomicAngularVelocity":0.0},{"time":0.7152984700366888,"pose":{"rotation":{"radians":0.0},"translation":{"x":2.426030256893644,"y":2.763438689270541}},"velocity":2.1382790751498892,"acceleration":-2.014681317666031,"curvature":0,"holonomicRotation":0.0,"angularVelocity":0.0,"holonomicAngularVelocity":0.0},{"time":0.7168194631239498,"pose":{"rotation":{"radians":0.0},"translation":{"x":2.429279094455625,"y":2.763438689270541}},"velocity":2.133716095888106,"acceleration":-3.0,"curvature":0,"holonomicRotation":0.0,"angularVelocity":0.0,"holonomicAngularVelocity":0.0},{"time":0.718343715852708,"pose":{"rotation":{"radians":0.0},"translation":{"x":2.4325279320176056,"y":2.763438689270541}},"velocity":2.129143337701832,"acceleration":-2.999999999999927,"curvature":0,"holonomicRotation":0.0,"angularVelocity":0.0,"holonomicAngularVelocity":0.0},{"time":0.7198717765197199,"pose":{"rotation":{"radians":0.0},"translation":{"x":2.4357778897522753,"y":2.763438689270541}},"velocity":2.124559155700796,"acceleration":-3.000000000000073,"curvature":0,"holonomicRotation":0.0,"angularVelocity":0.0,"holonomicAngularVelocity":0.0},{"time":0.7214041982203416,"pose":{"rotation":{"radians":0.0},"translation":{"x":2.439030087832323,"y":2.763438689270541}},"velocity":2.1199618905989306,"acceleration":-3.0000000000000724,"curvature":0,"holonomicRotation":0.0,"angularVelocity":0.0,"holonomicAngularVelocity":0.0},{"time":0.7229415389325811,"pose":{"rotation":{"radians":0.0},"translation":{"x":2.4422856464304386,"y":2.763438689270541}},"velocity":2.115349868462212,"acceleration":-3.0000000000001443,"curvature":0,"holonomicRotation":0.0,"angularVelocity":0.0,"holonomicAngularVelocity":0.0},{"time":0.724484361607088,"pose":{"rotation":{"radians":0.0},"translation":{"x":2.44554568571931,"y":2.763438689270541}},"velocity":2.1107214004386914,"acceleration":-3.0,"curvature":0,"holonomicRotation":0.0,"angularVelocity":0.0,"holonomicAngularVelocity":0.0},{"time":0.7260332342633253,"pose":{"rotation":{"radians":0.0},"translation":{"x":2.4488113258716266,"y":2.763438689270541}},"velocity":2.106074782469979,"acceleration":-3.0000000000001434,"curvature":0,"holonomicRotation":0.0,"angularVelocity":0.0,"holonomicAngularVelocity":0.0},{"time":0.7275887300921677,"pose":{"rotation":{"radians":0.0},"translation":{"x":2.4520836870600786,"y":2.763438689270541}},"velocity":2.1014082949834516,"acceleration":-3.0000000000001426,"curvature":0,"holonomicRotation":0.0,"angularVelocity":0.0,"holonomicAngularVelocity":0.0},{"time":0.729151427565192,"pose":{"rotation":{"radians":0.0},"translation":{"x":2.4553638894573533,"y":2.763438689270541}},"velocity":2.0967202025643785,"acceleration":-3.000000000000142,"curvature":0,"holonomicRotation":0.0,"angularVelocity":0.0,"holonomicAngularVelocity":0.0},{"time":0.7307219105509395,"pose":{"rotation":{"radians":0.0},"translation":{"x":2.458653053236141,"y":2.763438689270541}},"velocity":2.092008753607136,"acceleration":-3.0,"curvature":0,"holonomicRotation":0.0,"angularVelocity":0.0,"holonomicAngularVelocity":0.0},{"time":0.7323007684384305,"pose":{"rotation":{"radians":0.0},"translation":{"x":2.4619522985691304,"y":2.763438689270541}},"velocity":2.087272179944663,"acceleration":-2.99999999999993,"curvature":0,"holonomicRotation":0.0,"angularVelocity":0.0,"holonomicAngularVelocity":0.0},{"time":0.7338885962682414,"pose":{"rotation":{"radians":0.0},"translation":{"x":2.465262745629011,"y":2.763438689270541}},"velocity":2.08250869645523,"acceleration":-3.00000000000014,"curvature":0,"holonomicRotation":0.0,"angularVelocity":0.0,"holonomicAngularVelocity":0.0},{"time":0.7354859948714592,"pose":{"rotation":{"radians":0.0},"translation":{"x":2.468585514588471,"y":2.763438689270541}},"velocity":2.077716500645577,"acceleration":-2.9999999999999303,"curvature":0,"holonomicRotation":0.0,"angularVelocity":0.0,"holonomicAngularVelocity":0.0},{"time":0.7370935710168505,"pose":{"rotation":{"radians":0.0},"translation":{"x":2.4719217256202,"y":2.763438689270541}},"velocity":2.072893772209403,"acceleration":-3.0,"curvature":0,"holonomicRotation":0.0,"angularVelocity":0.0,"holonomicAngularVelocity":0.0},{"time":0.738711937566597,"pose":{"rotation":{"radians":0.0},"translation":{"x":2.4752724988968877,"y":2.763438689270541}},"velocity":2.0680386725601636,"acceleration":-2.9999999999999316,"curvature":0,"holonomicRotation":0.0,"angularVelocity":0.0,"holonomicAngularVelocity":0.0},{"time":0.7403417136409685,"pose":{"rotation":{"radians":0.0},"translation":{"x":2.478638954591222,"y":2.763438689270541}},"velocity":2.063149344337049,"acceleration":-3.000000000000068,"curvature":0,"holonomicRotation":0.0,"angularVelocity":0.0,"holonomicAngularVelocity":0.0},{"time":0.7419835247923294,"pose":{"rotation":{"radians":0.0},"translation":{"x":2.4820222128758926,"y":2.763438689270541}},"velocity":2.0582239108829663,"acceleration":-3.0,"curvature":0,"holonomicRotation":0.0,"angularVelocity":0.0,"holonomicAngularVelocity":0.0},{"time":0.7436380031888914,"pose":{"rotation":{"radians":0.0},"translation":{"x":2.485423393923589,"y":2.763438689270541}},"velocity":2.0532604756932806,"acceleration":-2.999999999999866,"curvature":0,"holonomicRotation":0.0,"angularVelocity":0.0,"holonomicAngularVelocity":0.0},{"time":0.7453057878086491,"pose":{"rotation":{"radians":0.0},"translation":{"x":2.4888436179069995,"y":2.763438689270541}},"velocity":2.0482571218340078,"acceleration":-2.9999999999998668,"curvature":0,"holonomicRotation":0.0,"angularVelocity":0.0,"holonomicAngularVelocity":0.0},{"time":0.7469875246439662,"pose":{"rotation":{"radians":0.0},"translation":{"x":2.4922840049988135,"y":2.763438689270541}},"velocity":2.0432119113280565,"acceleration":-2.999999999999934,"curvature":0,"holonomicRotation":0.0,"angularVelocity":0.0,"holonomicAngularVelocity":0.0},{"time":0.748683866917302,"pose":{"rotation":{"radians":0.0},"translation":{"x":2.49574567537172,"y":2.763438689270541}},"velocity":2.038122884508049,"acceleration":-3.0,"curvature":0,"holonomicRotation":0.0,"angularVelocity":0.0,"holonomicAngularVelocity":0.0},{"time":0.7503954753085977,"pose":{"rotation":{"radians":0.0},"translation":{"x":2.4992297491984083,"y":2.763438689270541}},"velocity":2.032988059334162,"acceleration":-2.999999999999935,"curvature":0,"holonomicRotation":0.0,"angularVelocity":0.0,"holonomicAngularVelocity":0.0},{"time":0.7521230181948779,"pose":{"rotation":{"radians":0.0},"translation":{"x":2.5027373466515677,"y":2.763438689270541}},"velocity":2.0278054306753215,"acceleration":-3.0,"curvature":0,"holonomicRotation":0.0,"angularVelocity":0.0,"holonomicAngularVelocity":0.0},{"time":0.7538671719026503,"pose":{"rotation":{"radians":0.0},"translation":{"x":2.5062695879038865,"y":2.763438689270541}},"velocity":2.0225729695520043,"acceleration":-3.0000000000000635,"curvature":0,"holonomicRotation":0.0,"angularVelocity":0.0,"holonomicAngularVelocity":0.0},{"time":0.7556286209737322,"pose":{"rotation":{"radians":0.0},"translation":{"x":2.5098275931280543,"y":2.763438689270541}},"velocity":2.0172886223387585,"acceleration":-3.000000000000063,"curvature":0,"holonomicRotation":0.0,"angularVelocity":0.0,"holonomicAngularVelocity":0.0},{"time":0.7574080584451617,"pose":{"rotation":{"radians":0.0},"translation":{"x":2.51341248249676,"y":2.763438689270541}},"velocity":2.01195030992447,"acceleration":-2.999999999999875,"curvature":0,"holonomicRotation":0.0,"angularVelocity":0.0,"holonomicAngularVelocity":0.0},{"time":0.7592061861439021,"pose":{"rotation":{"radians":0.0},"translation":{"x":2.5170253761826933,"y":2.763438689270541}},"velocity":2.006555926828249,"acceleration":-3.0,"curvature":0,"holonomicRotation":0.0,"angularVelocity":0.0,"holonomicAngularVelocity":0.0},{"time":0.7610237149970909,"pose":{"rotation":{"radians":0.0},"translation":{"x":2.5206673943585423,"y":2.763438689270541}},"velocity":2.0011033402686826,"acceleration":-3.0,"curvature":0,"holonomicRotation":0.0,"angularVelocity":0.0,"holonomicAngularVelocity":0.0},{"time":0.7628613653586347,"pose":{"rotation":{"radians":0.0},"translation":{"x":2.5243396571969967,"y":2.763438689270541}},"velocity":1.995590389184051,"acceleration":-3.000000000000121,"curvature":0,"holonomicRotation":0.0,"angularVelocity":0.0,"holonomicAngularVelocity":0.0},{"time":0.7647198673530041,"pose":{"rotation":{"radians":0.0},"translation":{"x":2.528043284870745,"y":2.763438689270541}},"velocity":1.9900148832009428,"acceleration":-2.99999999999994,"curvature":0,"holonomicRotation":0.0,"angularVelocity":0.0,"holonomicAngularVelocity":0.0},{"time":0.7665999612371434,"pose":{"rotation":{"radians":0.0},"translation":{"x":2.5317793975524774,"y":2.763438689270541}},"velocity":1.984374601548525,"acceleration":-3.0,"curvature":0,"holonomicRotation":0.0,"angularVelocity":0.0,"holonomicAngularVelocity":0.0},{"time":0.7685023977814662,"pose":{"rotation":{"radians":0.0},"translation":{"x":2.5355491154148817,"y":2.763438689270541}},"velocity":1.9786672919155563,"acceleration":-3.000000000000058,"curvature":0,"holonomicRotation":0.0,"angularVelocity":0.0,"holonomicAngularVelocity":0.0},{"time":0.770427938670988,"pose":{"rotation":{"radians":0.0},"translation":{"x":2.5393535586306486,"y":2.763438689270541}},"velocity":1.972890669246991,"acceleration":-3.0,"curvature":0,"holonomicRotation":0.0,"angularVelocity":0.0,"holonomicAngularVelocity":0.0},{"time":0.7723773569276998,"pose":{"rotation":{"radians":0.0},"translation":{"x":2.5431938473724656,"y":2.763438689270541}},"velocity":1.9670424144768557,"acceleration":-2.999999999999943,"curvature":0,"holonomicRotation":0.0,"angularVelocity":0.0,"holonomicAngularVelocity":0.0},{"time":0.7743514373553918,"pose":{"rotation":{"radians":0.0},"translation":{"x":2.547071101813022,"y":2.763438689270541}},"velocity":1.9611201731937797,"acceleration":-3.0,"curvature":0,"holonomicRotation":0.0,"angularVelocity":0.0,"holonomicAngularVelocity":0.0},{"time":0.7763509770081988,"pose":{"rotation":{"radians":0.0},"translation":{"x":2.5509864421250077,"y":2.763438689270541}},"velocity":1.955121554235359,"acceleration":-2.999999999999889,"curvature":0,"holonomicRotation":0.0,"angularVelocity":0.0,"holonomicAngularVelocity":0.0},{"time":0.7783767856842433,"pose":{"rotation":{"radians":0.0},"translation":{"x":2.5549409884811114,"y":2.763438689270541}},"velocity":1.9490441282072255,"acceleration":-3.0,"curvature":0,"holonomicRotation":0.0,"angularVelocity":0.0,"holonomicAngularVelocity":0.0},{"time":0.7804296864458573,"pose":{"rotation":{"radians":0.0},"translation":{"x":2.558935861054022,"y":2.763438689270541}},"velocity":1.9428854259223833,"acceleration":-3.000000000000054,"curvature":0,"holonomicRotation":0.0,"angularVelocity":0.0,"holonomicAngularVelocity":0.0},{"time":0.7825105161679629,"pose":{"rotation":{"radians":0.0},"translation":{"x":2.5629721800164282,"y":2.763438689270541}},"velocity":1.9366429367560667,"acceleration":-3.0,"curvature":0,"holonomicRotation":0.0,"angularVelocity":0.0,"holonomicAngularVelocity":0.0},{"time":0.7846201261163184,"pose":{"rotation":{"radians":0.0},"translation":{"x":2.56705106554102,"y":2.763438689270541}},"velocity":1.9303141069110001,"acceleration":-3.0,"curvature":0,"holonomicRotation":0.0,"angularVelocity":0.0,"holonomicAngularVelocity":0.0},{"time":0.7867593825574661,"pose":{"rotation":{"radians":0.0},"translation":{"x":2.571173637800486,"y":2.763438689270541}},"velocity":1.9238963375875568,"acceleration":-3.0,"curvature":0,"holonomicRotation":0.0,"angularVelocity":0.0,"holonomicAngularVelocity":0.0},{"time":0.7889291674023576,"pose":{"rotation":{"radians":0.0},"translation":{"x":2.575341016967516,"y":2.763438689270541}},"velocity":1.9173869830528822,"acceleration":-3.000000000000051,"curvature":0,"holonomicRotation":0.0,"angularVelocity":0.0,"holonomicAngularVelocity":0.0},{"time":0.7911303788857867,"pose":{"rotation":{"radians":0.0},"translation":{"x":2.5795543232147975,"y":2.763438689270541}},"velocity":1.910783348602595,"acceleration":-3.0,"curvature":0,"holonomicRotation":0.0,"angularVelocity":0.0,"holonomicAngularVelocity":0.0},{"time":0.7933639322839354,"pose":{"rotation":{"radians":0.0},"translation":{"x":2.583814676715021,"y":2.763438689270541}},"velocity":1.9040826884081488,"acceleration":-3.0000000000000497,"curvature":0,"holonomicRotation":0.0,"angularVelocity":0.0,"holonomicAngularVelocity":0.0},{"time":0.7956307606725055,"pose":{"rotation":{"radians":0.0},"translation":{"x":2.5881231976408747,"y":2.763438689270541}},"velocity":1.8972822032424386,"acceleration":-3.0,"curvature":0,"holonomicRotation":0.0,"angularVelocity":0.0,"holonomicAngularVelocity":0.0},{"time":0.7979318157281355,"pose":{"rotation":{"radians":0.0},"translation":{"x":2.592481006165049,"y":2.763438689270541}},"velocity":1.8903790380755483,"acceleration":-3.0000000000000484,"curvature":0,"holonomicRotation":0.0,"angularVelocity":0.0,"holonomicAngularVelocity":0.0},{"time":0.8002680685759939,"pose":{"rotation":{"radians":0.0},"translation":{"x":2.596889222460231,"y":2.763438689270541}},"velocity":1.8833702795319733,"acceleration":-3.0,"curvature":0,"holonomicRotation":0.0,"angularVelocity":0.0,"holonomicAngularVelocity":0.0},{"time":0.8026405106867104,"pose":{"rotation":{"radians":0.0},"translation":{"x":2.6013489666991116,"y":2.763438689270541}},"velocity":1.8762529531998238,"acceleration":-3.0,"curvature":0,"holonomicRotation":0.0,"angularVelocity":0.0,"holonomicAngularVelocity":0.0},{"time":0.8050501548260435,"pose":{"rotation":{"radians":0.0},"translation":{"x":2.6058613590543787,"y":2.763438689270541}},"velocity":1.8690240207818245,"acceleration":-3.0,"curvature":0,"holonomicRotation":0.0,"angularVelocity":0.0,"holonomicAngularVelocity":0.0},{"time":0.8074980360609998,"pose":{"rotation":{"radians":0.0},"translation":{"x":2.6104275196987223,"y":2.763438689270541}},"velocity":1.8616803770769557,"acceleration":-2.9999999999999547,"curvature":0,"holonomicRotation":0.0,"angularVelocity":0.0,"holonomicAngularVelocity":0.0},{"time":0.8099852128264186,"pose":{"rotation":{"radians":0.0},"translation":{"x":2.6150485688048306,"y":2.763438689270541}},"velocity":1.8542188467806993,"acceleration":-3.000000000000045,"curvature":0,"holonomicRotation":0.0,"angularVelocity":0.0,"holonomicAngularVelocity":0.0},{"time":0.8125127680564067,"pose":{"rotation":{"radians":0.0},"translation":{"x":2.6197256265453928,"y":2.763438689270541}},"velocity":1.8466361810907348,"acceleration":-3.0,"curvature":0,"holonomicRotation":0.0,"angularVelocity":0.0,"holonomicAngularVelocity":0.0},{"time":0.8150818103853816,"pose":{"rotation":{"radians":0.0},"translation":{"x":2.6244598130930994,"y":2.763438689270541}},"velocity":1.8389290541038101,"acceleration":-2.999999999999957,"curvature":0,"holonomicRotation":0.0,"angularVelocity":0.0,"holonomicAngularVelocity":0.0},{"time":0.817693475423916,"pose":{"rotation":{"radians":0.0},"translation":{"x":2.629252248620637,"y":2.763438689270541}},"velocity":1.831094058988207,"acceleration":-3.0,"curvature":0,"holonomicRotation":0.0,"angularVelocity":0.0,"holonomicAngularVelocity":0.0},{"time":0.820348927115061,"pose":{"rotation":{"radians":0.0},"translation":{"x":2.634104053300697,"y":2.763438689270541}},"velocity":1.8231277039147717,"acceleration":-3.0000000000000835,"curvature":0,"holonomicRotation":0.0,"angularVelocity":0.0,"holonomicAngularVelocity":0.0},{"time":0.8230493591773256,"pose":{"rotation":{"radians":0.0},"translation":{"x":2.639016347305967,"y":2.763438689270541}},"velocity":1.8150264077279779,"acceleration":-3.000000000000082,"curvature":0,"holonomicRotation":0.0,"angularVelocity":0.0,"holonomicAngularVelocity":0.0},{"time":0.8257959966411001,"pose":{"rotation":{"radians":0.0},"translation":{"x":2.6439902508091366,"y":2.763438689270541}},"velocity":1.8067864953366541,"acceleration":-3.0,"curvature":0,"holonomicRotation":0.0,"angularVelocity":0.0,"holonomicAngularVelocity":0.0},{"time":0.8285900974859345,"pose":{"rotation":{"radians":0.0},"translation":{"x":2.6490268839828954,"y":2.763438689270541}},"velocity":1.798404192802151,"acceleration":-3.0000000000000395,"curvature":0,"holonomicRotation":0.0,"angularVelocity":0.0,"holonomicAngularVelocity":0.0},{"time":0.831432954386812,"pose":{"rotation":{"radians":0.0},"translation":{"x":2.6541273669999317,"y":2.763438689270541}},"velocity":1.7898756220995187,"acceleration":-2.999999999999961,"curvature":0,"holonomicRotation":0.0,"angularVelocity":0.0,"holonomicAngularVelocity":0.0},{"time":0.8343258965783565,"pose":{"rotation":{"radians":0.0},"translation":{"x":2.659292820032935,"y":2.763438689270541}},"velocity":1.7811967955248849,"acceleration":-3.000000000000038,"curvature":0,"holonomicRotation":0.0,"angularVelocity":0.0,"holonomicAngularVelocity":0.0},{"time":0.8372702918467967,"pose":{"rotation":{"radians":0.0},"translation":{"x":2.664524363254594,"y":2.763438689270541}},"velocity":1.7723636097195645,"acceleration":-2.9999999999999623,"curvature":0,"holonomicRotation":0.0,"angularVelocity":0.0,"holonomicAngularVelocity":0.0},{"time":0.8402675486605132,"pose":{"rotation":{"radians":0.0},"translation":{"x":2.6698231168375983,"y":2.763438689270541}},"velocity":1.7633718392784148,"acceleration":-3.000000000000037,"curvature":0,"holonomicRotation":0.0,"angularVelocity":0.0,"holonomicAngularVelocity":0.0},{"time":0.8433191184511026,"pose":{"rotation":{"radians":0.0},"translation":{"x":2.675190200954636,"y":2.763438689270541}},"velocity":1.7542171299066465,"acceleration":-3.0000000000000364,"curvature":0,"holonomicRotation":0.0,"angularVelocity":0.0,"holonomicAngularVelocity":0.0},{"time":0.8464264980581443,"pose":{"rotation":{"radians":0.0},"translation":{"x":2.680626735778398,"y":2.763438689270541}},"velocity":1.7448949910855214,"acceleration":-3.0000000000000355,"curvature":0,"holonomicRotation":0.0,"angularVelocity":0.0,"holonomicAngularVelocity":0.0},{"time":0.8495912323522502,"pose":{"rotation":{"radians":0.0},"translation":{"x":2.6861338414815714,"y":2.763438689270541}},"velocity":1.7354007882032039,"acceleration":-2.99999999999993,"curvature":0,"holonomicRotation":0.0,"angularVelocity":0.0,"holonomicAngularVelocity":0.0},{"time":0.8528149170525656,"pose":{"rotation":{"radians":0.0},"translation":{"x":2.691712638236847,"y":2.763438689270541}},"velocity":1.7257297341022577,"acceleration":-2.9999999999999654,"curvature":0,"holonomicRotation":0.0,"angularVelocity":0.0,"holonomicAngularVelocity":0.0},{"time":0.8560992017566476,"pose":{"rotation":{"radians":0.0},"translation":{"x":2.697364246216912,"y":2.763438689270541}},"velocity":1.715876879990012,"acceleration":-3.0,"curvature":0,"holonomicRotation":0.0,"angularVelocity":0.0,"holonomicAngularVelocity":0.0},{"time":0.8594457932026717,"pose":{"rotation":{"radians":0.0},"translation":{"x":2.7030897855944573,"y":2.763438689270541}},"velocity":1.7058371056519395,"acceleration":-3.0000000000000333,"curvature":0,"holonomicRotation":0.0,"angularVelocity":0.0,"holonomicAngularVelocity":0.0},{"time":0.8628564587861676,"pose":{"rotation":{"radians":0.0},"translation":{"x":2.708890376542171,"y":2.763438689270541}},"velocity":1.6956051089014519,"acceleration":-2.9999999999999676,"curvature":0,"holonomicRotation":0.0,"angularVelocity":0.0,"holonomicAngularVelocity":0.0},{"time":0.8663330303560726,"pose":{"rotation":{"radians":0.0},"translation":{"x":2.7147671392327424,"y":2.763438689270541}},"velocity":1.6851753941917371,"acceleration":-2.999999999999936,"curvature":0,"holonomicRotation":0.0,"angularVelocity":0.0,"holonomicAngularVelocity":0.0},{"time":0.8698774083178019,"pose":{"rotation":{"radians":0.0},"translation":{"x":2.7207211938388607,"y":2.763438689270541}},"velocity":1.6745422603065492,"acceleration":-2.9999999999999685,"curvature":0,"holonomicRotation":0.0,"angularVelocity":0.0,"holonomicAngularVelocity":0.0},{"time":0.8734915660743698,"pose":{"rotation":{"radians":0.0},"translation":{"x":2.7267536605332143,"y":2.763438689270541}},"velocity":1.6636997870368455,"acceleration":-2.9999999999999694,"curvature":0,"holonomicRotation":0.0,"angularVelocity":0.0,"holonomicAngularVelocity":0.0},{"time":0.8771775548403936,"pose":{"rotation":{"radians":0.0},"translation":{"x":2.7328656594884935,"y":2.763438689270541}},"velocity":1.652641820738774,"acceleration":-3.00000000000003,"curvature":0,"holonomicRotation":0.0,"angularVelocity":0.0,"holonomicAngularVelocity":0.0},{"time":0.8809375088681524,"pose":{"rotation":{"radians":0.0},"translation":{"x":2.7390583108773865,"y":2.763438689270541}},"velocity":1.641361958655498,"acceleration":-2.9999999999999707,"curvature":0,"holonomicRotation":0.0,"angularVelocity":0.0,"holonomicAngularVelocity":0.0},{"time":0.8847736511298703,"pose":{"rotation":{"radians":0.0},"translation":{"x":2.7453327348725827,"y":2.763438689270541}},"velocity":1.6298535318703442,"acceleration":-3.0,"curvature":0,"holonomicRotation":0.0,"angularVelocity":0.0,"holonomicAngularVelocity":0.0},{"time":0.8886882995061148,"pose":{"rotation":{"radians":0.0},"translation":{"x":2.751690051646771,"y":2.763438689270541}},"velocity":1.6181095867416107,"acceleration":-2.9999999999999716,"curvature":0,"holonomicRotation":0.0,"angularVelocity":0.0,"holonomicAngularVelocity":0.0},{"time":0.8926838735368214,"pose":{"rotation":{"radians":0.0},"translation":{"x":2.7581313813726407,"y":2.763438689270541}},"velocity":1.606122864649491,"acceleration":-2.999999999999972,"curvature":0,"holonomicRotation":0.0,"angularVelocity":0.0,"holonomicAngularVelocity":0.0},{"time":0.8967629017990935,"pose":{"rotation":{"radians":0.0},"translation":{"x":2.7646578442228806,"y":2.763438689270541}},"velocity":1.5938857798626749,"acceleration":-3.0,"curvature":0,"holonomicRotation":0.0,"angularVelocity":0.0,"holonomicAngularVelocity":0.0},{"time":0.9009280299848013,"pose":{"rotation":{"radians":0.0},"translation":{"x":2.7712705603701804,"y":2.763438689270541}},"velocity":1.5813903953055517,"acceleration":-2.9999999999999467,"curvature":0,"holonomicRotation":0.0,"angularVelocity":0.0,"holonomicAngularVelocity":0.0},{"time":0.9051820297613055,"pose":{"rotation":{"radians":0.0},"translation":{"x":2.7779706499872283,"y":2.763438689270541}},"velocity":1.5686283959760392,"acceleration":-2.999999999999974,"curvature":0,"holonomicRotation":0.0,"angularVelocity":0.0,"holonomicAngularVelocity":0.0},{"time":0.9095278085106768,"pose":{"rotation":{"radians":0.0},"translation":{"x":2.7847592332467137,"y":2.763438689270541}},"velocity":1.5555910597279252,"acceleration":-2.9999999999999742,"curvature":0,"holonomicRotation":0.0,"angularVelocity":0.0,"holonomicAngularVelocity":0.0},{"time":0.913968420056861,"pose":{"rotation":{"radians":0.0},"translation":{"x":2.7916374303213263,"y":2.763438689270541}},"velocity":1.5422692250893726,"acceleration":-3.00000000000005,"curvature":0,"holonomicRotation":0.0,"angularVelocity":0.0,"holonomicAngularVelocity":0.0},{"time":0.9185070765067932,"pose":{"rotation":{"radians":0.0},"translation":{"x":2.7986063613837544,"y":2.763438689270541}},"velocity":1.5286532557395758,"acceleration":-3.0000000000000244,"curvature":0,"holonomicRotation":0.0,"angularVelocity":0.0,"holonomicAngularVelocity":0.0},{"time":0.9231471613509805,"pose":{"rotation":{"radians":0.0},"translation":{"x":2.8056671466066874,"y":2.763438689270541}},"velocity":1.5147330012070137,"acceleration":-3.000000000000024,"curvature":0,"holonomicRotation":0.0,"angularVelocity":0.0,"holonomicAngularVelocity":0.0},{"time":0.9278922439921503,"pose":{"rotation":{"radians":0.0},"translation":{"x":2.8128209061628144,"y":2.763438689270541}},"velocity":1.5004977532835044,"acceleration":-2.9999999999999765,"curvature":0,"holonomicRotation":0.0,"angularVelocity":0.0,"holonomicAngularVelocity":0.0},{"time":0.9327460958979984,"pose":{"rotation":{"radians":0.0},"translation":{"x":2.8200687602248244,"y":2.763438689270541}},"velocity":1.4859361975659602,"acceleration":-3.0,"curvature":0,"holonomicRotation":0.0,"angularVelocity":0.0,"holonomicAngularVelocity":0.0},{"time":0.9377127086067875,"pose":{"rotation":{"radians":0.0},"translation":{"x":2.8274118289654067,"y":2.763438689270541}},"velocity":1.4710363594395928,"acceleration":-3.000000000000045,"curvature":0,"holonomicRotation":0.0,"angularVelocity":0.0,"holonomicAngularVelocity":0.0},{"time":0.9427963138537386,"pose":{"rotation":{"radians":0.0},"translation":{"x":2.8348512325572495,"y":2.763438689270541}},"velocity":1.4557855436987392,"acceleration":-3.0,"curvature":0,"holonomicRotation":0.0,"angularVelocity":0.0,"holonomicAngularVelocity":0.0},{"time":0.9480014061333338,"pose":{"rotation":{"radians":0.0},"translation":{"x":2.8423880911730435,"y":2.763438689270541}},"velocity":1.4401702668599534,"acceleration":-3.0000000000000426,"curvature":0,"holonomicRotation":0.0,"angularVelocity":0.0,"holonomicAngularVelocity":0.0},{"time":0.953332768069668,"pose":{"rotation":{"radians":0.0},"translation":{"x":2.8500235249854766,"y":2.763438689270541}},"velocity":1.4241761810509508,"acceleration":-3.0,"curvature":0,"holonomicRotation":0.0,"angularVelocity":0.0,"holonomicAngularVelocity":0.0},{"time":0.9587954990363111,"pose":{"rotation":{"radians":0.0},"translation":{"x":2.857758654167238,"y":2.763438689270541}},"velocity":1.4077879881510218,"acceleration":-2.999999999999959,"curvature":0,"holonomicRotation":0.0,"angularVelocity":0.0,"holonomicAngularVelocity":0.0},{"time":0.9643950475517792,"pose":{"rotation":{"radians":0.0},"translation":{"x":2.8655945988910174,"y":2.763438689270541}},"velocity":1.3909893426046176,"acceleration":-3.0,"curvature":0,"holonomicRotation":0.0,"angularVelocity":0.0,"holonomicAngularVelocity":0.0},{"time":0.9701372480807211,"pose":{"rotation":{"radians":0.0},"translation":{"x":2.8735324793295023,"y":2.763438689270541}},"velocity":1.373762741017792,"acceleration":-2.9999999999999805,"curvature":0,"holonomicRotation":0.0,"angularVelocity":0.0,"holonomicAngularVelocity":0.0},{"time":0.9760283629994178,"pose":{"rotation":{"radians":0.0},"translation":{"x":2.881573415655384,"y":2.763438689270541}},"velocity":1.356089396261702,"acceleration":-3.0,"curvature":0,"holonomicRotation":0.0,"angularVelocity":0.0,"holonomicAngularVelocity":0.0},{"time":0.9820751306439339,"pose":{"rotation":{"radians":0.0},"translation":{"x":2.8897185280413504,"y":2.763438689270541}},"velocity":1.3379490933281535,"acceleration":-3.0,"curvature":0,"holonomicRotation":0.0,"angularVelocity":0.0,"holonomicAngularVelocity":0.0},{"time":0.9882848205592201,"pose":{"rotation":{"radians":0.0},"translation":{"x":2.8979689366600905,"y":2.763438689270541}},"velocity":1.319320023582295,"acceleration":-3.0,"curvature":0,"holonomicRotation":0.0,"angularVelocity":0.0,"holonomicAngularVelocity":0.0},{"time":0.9946652973194205,"pose":{"rotation":{"radians":0.0},"translation":{"x":2.9063257616842932,"y":2.763438689270541}},"velocity":1.3001785933016936,"acceleration":-3.0,"curvature":0,"holonomicRotation":0.0,"angularVelocity":0.0,"holonomicAngularVelocity":0.0},{"time":1.0012250946095982,"pose":{"rotation":{"radians":0.0},"translation":{"x":2.9147901232866484,"y":2.763438689270541}},"velocity":1.2804992014311605,"acceleration":-3.0000000000000338,"curvature":0,"holonomicRotation":0.0,"angularVelocity":0.0,"holonomicAngularVelocity":0.0},{"time":1.0079735016685705,"pose":{"rotation":{"radians":0.0},"translation":{"x":2.9233631416398445,"y":2.763438689270541}},"velocity":1.2602539802542436,"acceleration":-3.0,"curvature":0,"holonomicRotation":0.0,"angularVelocity":0.0,"holonomicAngularVelocity":0.0},{"time":1.014920664721115,"pose":{"rotation":{"radians":0.0},"translation":{"x":2.932045936916571,"y":2.763438689270541}},"velocity":1.23941249109661,"acceleration":-2.999999999999968,"curvature":0,"holonomicRotation":0.0,"angularVelocity":0.0,"holonomicAngularVelocity":0.0},{"time":1.0220777067162934,"pose":{"rotation":{"radians":0.0},"translation":{"x":2.940839629289517,"y":2.763438689270541}},"velocity":1.217941365111075,"acceleration":-3.0,"curvature":0,"holonomicRotation":0.0,"angularVelocity":0.0,"holonomicAngularVelocity":0.0},{"time":1.0294568695943067,"pose":{"rotation":{"radians":0.0},"translation":{"x":2.949745338931371,"y":2.763438689270541}},"velocity":1.1958038764770351,"acceleration":-3.0,"curvature":0,"holonomicRotation":0.0,"angularVelocity":0.0,"holonomicAngularVelocity":0.0},{"time":1.0370716845082188,"pose":{"rotation":{"radians":0.0},"translation":{"x":2.9587641860148226,"y":2.763438689270541}},"velocity":1.1729594317352987,"acceleration":-3.0,"curvature":0,"holonomicRotation":0.0,"angularVelocity":0.0,"holonomicAngularVelocity":0.0},{"time":1.044937177045649,"pose":{"rotation":{"radians":0.0},"translation":{"x":2.9678972907125605,"y":2.763438689270541}},"velocity":1.149362954123008,"acceleration":-3.0000000000000284,"curvature":0,"holonomicRotation":0.0,"angularVelocity":0.0,"holonomicAngularVelocity":0.0},{"time":1.053070116699126,"pose":{"rotation":{"radians":0.0},"translation":{"x":2.9771457731972744,"y":2.763438689270541}},"velocity":1.1249641351625768,"acceleration":-3.0,"curvature":0,"holonomicRotation":0.0,"angularVelocity":0.0,"holonomicAngularVelocity":0.0},{"time":1.0614893228740263,"pose":{"rotation":{"radians":0.0},"translation":{"x":2.986510753641653,"y":2.763438689270541}},"velocity":1.0997065166378766,"acceleration":-2.999999999999947,"curvature":0,"holonomicRotation":0.0,"angularVelocity":0.0,"holonomicAngularVelocity":0.0},{"time":1.0702160439795376,"pose":{"rotation":{"radians":0.0},"translation":{"x":2.995993352218385,"y":2.763438689270541}},"velocity":1.0735263533213428,"acceleration":-2.9999999999999747,"curvature":0,"holonomicRotation":0.0,"angularVelocity":0.0,"holonomicAngularVelocity":0.0},{"time":1.0792744322040353,"pose":{"rotation":{"radians":0.0},"translation":{"x":3.0055946891001604,"y":2.763438689270541}},"velocity":1.04635118864785,"acceleration":-2.9999999999999756,"curvature":0,"holonomicRotation":0.0,"angularVelocity":0.0,"holonomicAngularVelocity":0.0},{"time":1.088692145346299,"pose":{"rotation":{"radians":0.0},"translation":{"x":3.0153158844596675,"y":2.763438689270541}},"velocity":1.018098049221059,"acceleration":-3.0,"curvature":0,"holonomicRotation":0.0,"angularVelocity":0.0,"holonomicAngularVelocity":0.0},{"time":1.098501120026067,"pose":{"rotation":{"radians":0.0},"translation":{"x":3.0251580584695956,"y":2.763438689270541}},"velocity":0.9886711251817546,"acceleration":-3.0000000000000226,"curvature":0,"holonomicRotation":0.0,"angularVelocity":0.0,"holonomicAngularVelocity":0.0},{"time":1.1087385801479017,"pose":{"rotation":{"radians":0.0},"translation":{"x":3.035122331302634,"y":2.763438689270541}},"velocity":0.9579587448162503,"acceleration":-3.0000000000000218,"curvature":0,"holonomicRotation":0.0,"angularVelocity":0.0,"holonomicAngularVelocity":0.0},{"time":1.1194483747340143,"pose":{"rotation":{"radians":0.0},"translation":{"x":3.0452098231314713,"y":2.763438689270541}},"velocity":0.9258293610579127,"acceleration":-3.0,"curvature":0,"holonomicRotation":0.0,"angularVelocity":0.0,"holonomicAngularVelocity":0.0},{"time":1.1306827873314447,"pose":{"rotation":{"radians":0.0},"translation":{"x":3.0554216541287973,"y":2.763438689270541}},"velocity":0.8921261232656214,"acceleration":-3.0000000000000098,"curvature":0,"holonomicRotation":0.0,"angularVelocity":0.0,"holonomicAngularVelocity":0.0},{"time":1.1425050381139261,"pose":{"rotation":{"radians":0.0},"translation":{"x":3.0657589444673006,"y":2.763438689270541}},"velocity":0.8566593709181771,"acceleration":-2.9999999999999907,"curvature":0,"holonomicRotation":0.0,"angularVelocity":0.0,"holonomicAngularVelocity":0.0},{"time":1.1549928340654172,"pose":{"rotation":{"radians":0.0},"translation":{"x":3.0762228143196704,"y":2.763438689270541}},"velocity":0.8191959830637039,"acceleration":-3.0,"curvature":0,"holonomicRotation":0.0,"angularVelocity":0.0,"holonomicAngularVelocity":0.0},{"time":1.1682435608818178,"pose":{"rotation":{"radians":0.0},"translation":{"x":3.086814383858596,"y":2.763438689270541}},"velocity":0.779443802614502,"acceleration":-3.0000000000000084,"curvature":0,"holonomicRotation":0.0,"angularVelocity":0.0,"holonomicAngularVelocity":0.0},{"time":1.1823821544579973,"pose":{"rotation":{"radians":0.0},"translation":{"x":3.0975347732567657,"y":2.763438689270541}},"velocity":0.7370280218859633,"acceleration":-3.000000000000008,"curvature":0,"holonomicRotation":0.0,"angularVelocity":0.0,"holonomicAngularVelocity":0.0},{"time":1.1975735687602758,"pose":{"rotation":{"radians":0.0},"translation":{"x":3.108385102686869,"y":2.763438689270541}},"velocity":0.691453778979128,"acceleration":-3.0,"curvature":0,"holonomicRotation":0.0,"angularVelocity":0.0,"holonomicAngularVelocity":0.0},{"time":1.2140436267702532,"pose":{"rotation":{"radians":0.0},"translation":{"x":3.1193664923215954,"y":2.763438689270541}},"velocity":0.6420436049491953,"acceleration":-3.0000000000000133,"curvature":0,"holonomicRotation":0.0,"angularVelocity":0.0,"holonomicAngularVelocity":0.0},{"time":1.232116398697748,"pose":{"rotation":{"radians":0.0},"translation":{"x":3.1304800623336337,"y":2.763438689270541}},"velocity":0.5878252891667115,"acceleration":-2.9999999999999876,"curvature":0,"holonomicRotation":0.0,"angularVelocity":0.0,"holonomicAngularVelocity":0.0},{"time":1.252287684137484,"pose":{"rotation":{"radians":0.0},"translation":{"x":3.141726932895674,"y":2.763438689270541}},"velocity":0.5273114328475037,"acceleration":-2.999999999999989,"curvature":0,"holonomicRotation":0.0,"angularVelocity":0.0,"holonomicAngularVelocity":0.0},{"time":1.2753894574352886,"pose":{"rotation":{"radians":0.0},"translation":{"x":3.1531082241804027,"y":2.763438689270541}},"velocity":0.4580061129540895,"acceleration":-3.000000000000002,"curvature":0,"holonomicRotation":0.0,"angularVelocity":0.0,"holonomicAngularVelocity":0.0},{"time":1.3030387826232257,"pose":{"rotation":{"radians":0.0},"translation":{"x":3.164625056360511,"y":2.763438689270541}},"velocity":0.37505813739027816,"acceleration":-3.000000000000006,"curvature":0,"holonomicRotation":0.0,"angularVelocity":0.0,"holonomicAngularVelocity":0.0},{"time":1.3393967289920028,"pose":{"rotation":{"radians":0.0},"translation":{"x":3.176278549608688,"y":2.763438689270541}},"velocity":0.2659842982839466,"acceleration":-3.0000000000000075,"curvature":0,"holonomicRotation":0.0,"angularVelocity":0.0,"holonomicAngularVelocity":0.0},{"time":1.4280581617533183,"pose":{"rotation":{"radians":0.0},"translation":{"x":3.1880698240976217,"y":2.763438689270541}},"velocity":0,"acceleration":-2.9999999999999996,"curvature":0,"holonomicRotation":0.0,"angularVelocity":0.0,"holonomicAngularVelocity":0.0}]